{
  "resourceType" : "Observation",
  "id" : "BodyWeightExample",
  "meta" : {
    "profile" : ["http://hl7.org/fhir/StructureDefinition/bodyweight"]
  },
  "text" : {
    "status" : "generated",
    "div" : "<div xmlns=\"http://www.w3.org/1999/xhtml\"><p class=\"res-header-id\"><b>Generated Narrative: Observation BodyWeightExample</b></p><a name=\"BodyWeightExample\"> </a><a name=\"hcBodyWeightExample\"> </a><a name=\"BodyWeightExample-en-US\"> </a><p><b>status</b>: Final</p><p><b>category</b>: <span title=\"Codes:{http://terminology.hl7.org/CodeSystem/observation-category vital-signs}\">Vital Signs</span></p><p><b>code</b>: <span title=\"Codes:{http://loinc.org 29463-7}\">Body Weight</span></p><p><b>subject</b>: Identifier: <code>https://vitalsigns.byteflies.net/FHIR/patient</code>/D358D4B4-6007-4C3E-A33B-056773F45DC9</p><p><b>effective</b>: 2024-11-19 06:48:20+0000</p><p><b>performer</b>: <a href=\"#hcBodyWeightExample/byteflies\">Organization Byteflies</a></p><p><b>value</b>: 89.3 kg<span style=\"background: LightGoldenRodYellow\"> (Details: UCUM  codekg = 'kg')</span></p><p><b>device</b>: <a href=\"#hcBodyWeightExample/vital-signs-box\">Device: identifier = 240822yti3tgeyay; manufacturer = Byteflies</a></p><hr/><blockquote><p class=\"res-header-id\"><b>Generated Narrative: Device #vital-signs-box</b></p><a name=\"BodyWeightExample/vital-signs-box\"> </a><a name=\"hcBodyWeightExample/vital-signs-box\"> </a><a name=\"BodyWeightExample/vital-signs-box-en-US\"> </a><p><b>identifier</b>: 240822yti3tgeyay</p><p><b>manufacturer</b>: Byteflies</p><h3>DeviceNames</h3><table class=\"grid\"><tr><td style=\"display: none\">-</td><td><b>Name</b></td><td><b>Type</b></td></tr><tr><td style=\"display: none\">*</td><td>VS-4</td><td>other</td></tr></table></blockquote><hr/><blockquote><p class=\"res-header-id\"><b>Generated Narrative: Organization #byteflies</b></p><a name=\"BodyWeightExample/byteflies\"> </a><a name=\"hcBodyWeightExample/byteflies\"> </a><a name=\"BodyWeightExample/byteflies-en-US\"> </a><p><b>name</b>: Byteflies</p></blockquote></div>"
  },
  "contained" : [{
    "resourceType" : "Device",
    "id" : "vital-signs-box",
    "meta" : {
      "tag" : [{
        "system" : "https://api-vitalsigns.byteflies.net/version",
        "code" : "20241028-1511",
        "display" : "API Version 20241028-1511"
      }]
    },
    "identifier" : [{
      "value" : "240822yti3tgeyay"
    }],
    "manufacturer" : "Byteflies",
    "deviceName" : [{
      "name" : "VS-4",
      "type" : "other"
    }]
  },
  {
    "resourceType" : "Organization",
    "id" : "byteflies",
    "name" : "Byteflies"
  }],
  "status" : "final",
  "category" : [{
    "coding" : [{
      "system" : "http://terminology.hl7.org/CodeSystem/observation-category",
      "code" : "vital-signs",
      "display" : "Vital Signs"
    }]
  }],
  "code" : {
    "coding" : [{
      "system" : "http://loinc.org",
      "code" : "29463-7",
      "display" : "Body Weight"
    }]
  },
  "subject" : {
    "identifier" : {
      "system" : "https://vitalsigns.byteflies.net/FHIR/patient",
      "value" : "D358D4B4-6007-4C3E-A33B-056773F45DC9"
    }
  },
  "effectiveDateTime" : "2024-11-19T06:48:20+00:00",
  "performer" : [{
    "reference" : "#byteflies"
  }],
  "valueQuantity" : {
    "value" : 89.3,
    "unit" : "kg",
    "system" : "http://unitsofmeasure.org",
    "code" : "kg"
  },
  "device" : {
    "reference" : "#vital-signs-box"
  }
}